{"t_crit": 1.8331129326536333, "lower_limit": 3.744927986698693, "upper_limit": 7.255072013301307}