{"t_crit": 2.4469118487916806, "z_stat": 6.123724356957945, "lower_limit": 3.002104841630052, "upper_limit": 6.997895158369948}