{"t_crit": 2.059538552753294, "z_stat": 2.619999999999999, "lower_limit": 10.410692170870059, "upper_limit": 16.589307829129943}